variant,model,n_features,ROC-AUC all,PR-AUC all,ROC-AUC active,PR-AUC active
1. demographics only,logistic regression,8,0.6145647694419066,0.4294789764791591,0.5084996304508499,0.09484251614458902
1. demographics only,LightGBM,8,0.7752186139224737,0.6705538237158757,0.5325399820729348,0.10071097591653536
2. + behavioural,logistic regression,22,0.9856867700509804,0.979656986472121,0.932482584013461,0.6871831313112592
2. + behavioural,LightGBM,22,0.9850246991215892,0.9795010571877214,0.9283153276407038,0.703897560138961
3. + engagement,logistic regression,32,0.9906479514955921,0.9869424835993096,0.9551666116274315,0.8123359431808327
3. + engagement,LightGBM,32,0.9903877109510645,0.9866117037580363,0.9537513170102687,0.7990069392762605
4. + support (full),logistic regression,36,0.9920464477956676,0.9887469031533074,0.9621723199823875,0.828465290868564
4. + support (full),LightGBM,36,0.991639080377942,0.9883694123597804,0.9599510937082292,0.8226445141409686
demographics + engagement only,logistic regression,18,0.9844741598541389,0.9792087711190617,0.9254061109276469,0.7109894152989293
demographics + engagement only,LightGBM,18,0.9835289092440763,0.978498571759998,0.9218796685065497,0.7073502374734517
demographics + support only,logistic regression,12,0.601626305652124,0.4202721733495285,0.597085279363432,0.1394126695866614
demographics + support only,LightGBM,12,0.7947010595507884,0.6860857995022174,0.5798501360255381,0.17217353664286092
full - behavioural,logistic regression,22,0.98672931423848,0.9822924845586768,0.9373338994511803,0.7541235458435883
full - behavioural,LightGBM,22,0.9858149128115075,0.9818660684254648,0.9332059568177887,0.7556578586296937
