feature,bin,churn_rate,n
app_avg_3m,"(-0.01, 0.5]",0.4337,913.0
app_avg_3m,"(0.5, 1.5]",0.1097,1704.0
app_avg_3m,"(1.5, 3.0]",0.029,2756.0
app_avg_3m,"(3.0, 20.0]",0.0046,1302.0
email_avg_3m,"(-0.01, 0.2]",0.2504,1178.0
email_avg_3m,"(0.2, 1.0]",0.1025,2994.0
email_avg_3m,"(1.0, 2.0]",0.0303,1850.0
email_avg_3m,"(2.0, 20.0]",0.0168,653.0
coupons_avg_3m,"(-0.01, 0.2]",0.2404,1560.0
coupons_avg_3m,"(0.2, 0.7]",0.0733,3398.0
coupons_avg_3m,"(0.7, 20.0]",0.0262,1717.0
tickets_avg_3m,"(-0.01, 0.01]",0.0563,4477.0
tickets_avg_3m,"(0.01, 0.34]",0.1442,1560.0
tickets_avg_3m,"(0.34, 20.0]",0.3009,638.0
txn_trend,"(-99.0, -2.0]",0.2587,1063.0
txn_trend,"(-2.0, -0.5]",0.1265,1534.0
txn_trend,"(-0.5, 0.5]",0.0781,1345.0
txn_trend,"(0.5, 99.0]",0.0211,1991.0
