feature,group,type,definition,business_interpretation,leakage_control
AGE,demographics,numeric,age from the profile,life stage,static attribute
GENDER,demographics,categorical,gender ('Unknown' if missing),demographic segment,static attribute
CITY,demographics,categorical,home city (cleaned casing),regional differences,static attribute
MEMBERSHIP_TIER,demographics,categorical,Silver / Gold / Platinum,does tier protect against churn?,static attribute
MARKETING_OPT_IN,demographics,binary,opted in to marketing,reachable by email campaigns,static attribute
PREFERRED_CATEGORY,demographics,categorical,preferred shopping category,shopping mission,static attribute
HOME_STORE_PRICE_TIER,demographics,categorical,price tier of the home store,price positioning of the store,static attribute
tenure_months,demographics,numeric,months from signup to cutoff,loyalty length,uses cutoff date only
recency_months,behavioural,numeric,"months since the last purchase month, capped at 6",how long since they last shopped,months <= cutoff only
no_purchase_6m,behavioural,binary,no purchase in the 6 months to the cutoff,already lapsed,months <= cutoff only
txn_avg_3m,behavioural,numeric,"mean transactions per observed month, last 3 months",current shopping frequency,months <= cutoff only
txn_avg_6m,behavioural,numeric,"mean transactions per observed month, last 6 months",habitual shopping frequency,months <= cutoff only
txn_trend,behavioural,numeric,txn_avg_3m minus the mean of the 3 months before,shopping more or less than before,months <= cutoff only
spend_avg_3m,behavioural,numeric,"mean monthly spend, last 3 months (cleaned spend)",current value,months <= cutoff only
spend_avg_6m,behavioural,numeric,"mean monthly spend, last 6 months",habitual value,months <= cutoff only
spend_trend,behavioural,numeric,spend_avg_3m minus the 3 months before,spending more or less than before,months <= cutoff only
basket_avg_6m,behavioural,numeric,"mean basket value in purchase months, last 6 months",basket size,months <= cutoff only
active_share_6m,behavioural,numeric,"share of observed months with a purchase, last 6 months",regularity,months <= cutoff only
cats_avg_3m,behavioural,numeric,"mean distinct categories per month, last 3 months",breadth of the relationship,months <= cutoff only
promo_pct_avg_6m,behavioural,numeric,"mean share of promotional transactions in purchase months, last 6 months",deal seeking,months <= cutoff only
history_months,behavioural,numeric,months of known history in the 6-month window,how much we know about the member,months <= cutoff only
gap_months_6m,behavioural,numeric,missing (deleted) months in the 6-month window,data completeness,gaps decided from rows <= cutoff
app_avg_3m,engagement,numeric,"mean app sessions per month, last 3 months",digital engagement now,months <= cutoff only
app_avg_6m,engagement,numeric,"mean app sessions per month, last 6 months",habitual digital engagement,months <= cutoff only
app_trend,engagement,numeric,app_avg_3m minus the 3 months before,engagement fading or growing,months <= cutoff only
email_avg_3m,engagement,numeric,"mean emails opened per month, last 3 months",responsiveness to marketing now,months <= cutoff only
email_avg_6m,engagement,numeric,"mean emails opened per month, last 6 months",habitual responsiveness,months <= cutoff only
email_trend,engagement,numeric,email_avg_3m minus the 3 months before,responsiveness fading or growing,months <= cutoff only
coupons_avg_3m,engagement,numeric,"mean coupons redeemed per month, last 3 months",offer usage now,months <= cutoff only
coupons_avg_6m,engagement,numeric,"mean coupons redeemed per month, last 6 months",habitual offer usage,months <= cutoff only
coupon_trend,engagement,numeric,coupons_avg_3m minus the 3 months before,offer usage fading or growing,months <= cutoff only
months_since_any_activity,engagement,numeric,"months since the last month with any row, capped at 6",silent members,months <= cutoff only
tickets_avg_3m,support,numeric,"mean support tickets per month, last 3 months",current service problems,months <= cutoff only
tickets_avg_6m,support,numeric,"mean support tickets per month, last 6 months",habitual service problems,months <= cutoff only
tickets_trend,support,numeric,tickets_avg_3m minus the 3 months before,problems escalating,months <= cutoff only
complaint_6m,support,binary,any complaint flag in the last 6 months,a formal complaint was raised,months <= cutoff only
