feature,group,type,definition,business_interpretation,leakage_control,mean_abs_lr_contribution_active,rank_lr_active,mean_abs_shap_active,used_in_final_model
AGE,demographics,numeric,age from the profile,life stage,static attribute,0.022,35,0.036,yes
GENDER,demographics,categorical,gender ('Unknown' if missing),demographic segment,static attribute,0.059,29,0.002,yes
CITY,demographics,categorical,home city (cleaned casing),regional differences,static attribute,0.184,18,0.055,yes
MEMBERSHIP_TIER,demographics,categorical,Silver / Gold / Platinum,does tier protect against churn?,static attribute,0.11,25,0.004,yes
MARKETING_OPT_IN,demographics,binary,opted in to marketing,reachable by email campaigns,static attribute,0.401,7,0.042,yes
PREFERRED_CATEGORY,demographics,categorical,preferred shopping category,shopping mission,static attribute,0.166,21,0.007,yes
HOME_STORE_PRICE_TIER,demographics,categorical,price tier of the home store,price positioning of the store,static attribute,0.18,20,0.023,yes
tenure_months,demographics,numeric,months from signup to cutoff,loyalty length,uses cutoff date only,0.063,28,0.024,yes
recency_months,behavioural,numeric,"months since the last purchase month, capped at 6",how long since they last shopped,months <= cutoff only,0.388,8,0.57,yes
no_purchase_6m,behavioural,binary,no purchase in the 6 months to the cutoff,already lapsed,months <= cutoff only,0.059,30,0.0,yes
txn_avg_3m,behavioural,numeric,"mean transactions per observed month, last 3 months",current shopping frequency,months <= cutoff only,0.54,3,0.586,yes
txn_avg_6m,behavioural,numeric,"mean transactions per observed month, last 6 months",habitual shopping frequency,months <= cutoff only,0.411,6,0.033,yes
txn_trend,behavioural,numeric,txn_avg_3m minus the mean of the 3 months before,shopping more or less than before,months <= cutoff only,0.547,1,0.075,yes
spend_avg_3m,behavioural,numeric,"mean monthly spend, last 3 months (cleaned spend)",current value,months <= cutoff only,0.205,17,0.325,yes
spend_avg_6m,behavioural,numeric,"mean monthly spend, last 6 months",habitual value,months <= cutoff only,0.205,16,0.024,yes
spend_trend,behavioural,numeric,spend_avg_3m minus the 3 months before,spending more or less than before,months <= cutoff only,0.027,33,0.049,yes
basket_avg_6m,behavioural,numeric,"mean basket value in purchase months, last 6 months",basket size,months <= cutoff only,0.071,27,0.023,yes
active_share_6m,behavioural,numeric,"share of observed months with a purchase, last 6 months",regularity,months <= cutoff only,0.046,32,0.003,yes
cats_avg_3m,behavioural,numeric,"mean distinct categories per month, last 3 months",breadth of the relationship,months <= cutoff only,0.142,22,0.039,yes
promo_pct_avg_6m,behavioural,numeric,"mean share of promotional transactions in purchase months, last 6 months",deal seeking,months <= cutoff only,0.111,24,0.044,yes
history_months,behavioural,numeric,months of known history in the 6-month window,how much we know about the member,months <= cutoff only,0.234,14,0.002,yes
gap_months_6m,behavioural,numeric,missing (deleted) months in the 6-month window,data completeness,gaps decided from rows <= cutoff,0.209,15,0.014,yes
app_avg_3m,engagement,numeric,"mean app sessions per month, last 3 months",digital engagement now,months <= cutoff only,0.435,4,0.57,yes
app_avg_6m,engagement,numeric,"mean app sessions per month, last 6 months",habitual digital engagement,months <= cutoff only,0.329,11,0.037,yes
app_trend,engagement,numeric,app_avg_3m minus the 3 months before,engagement fading or growing,months <= cutoff only,0.312,12,0.103,yes
email_avg_3m,engagement,numeric,"mean emails opened per month, last 3 months",responsiveness to marketing now,months <= cutoff only,0.378,9,0.31,yes
email_avg_6m,engagement,numeric,"mean emails opened per month, last 6 months",habitual responsiveness,months <= cutoff only,0.545,2,0.064,yes
email_trend,engagement,numeric,email_avg_3m minus the 3 months before,responsiveness fading or growing,months <= cutoff only,0.184,19,0.065,yes
coupons_avg_3m,engagement,numeric,"mean coupons redeemed per month, last 3 months",offer usage now,months <= cutoff only,0.343,10,0.151,yes
coupons_avg_6m,engagement,numeric,"mean coupons redeemed per month, last 6 months",habitual offer usage,months <= cutoff only,0.121,23,0.097,yes
coupon_trend,engagement,numeric,coupons_avg_3m minus the 3 months before,offer usage fading or growing,months <= cutoff only,0.055,31,0.022,yes
months_since_any_activity,engagement,numeric,"months since the last month with any row, capped at 6",silent members,months <= cutoff only,0.258,13,0.157,yes
tickets_avg_3m,support,numeric,"mean support tickets per month, last 3 months",current service problems,months <= cutoff only,0.434,5,0.193,yes
tickets_avg_6m,support,numeric,"mean support tickets per month, last 6 months",habitual service problems,months <= cutoff only,0.094,26,0.078,yes
tickets_trend,support,numeric,tickets_avg_3m minus the 3 months before,problems escalating,months <= cutoff only,0.024,34,0.063,yes
complaint_6m,support,binary,any complaint flag in the last 6 months,a formal complaint was raised,months <= cutoff only,0.011,36,0.001,yes
