feature,mean_abs_shap_active,mean_abs_shap_all,feature_name
txn_avg_3m,0.5864432897950108,0.7545936214413711,transactions/month (3m)
app_avg_3m,0.5700231527628913,0.8099161560879624,app sessions/month (3m)
recency_months,0.5697520516698981,0.946967364456318,months since last purchase
spend_avg_3m,0.3249370266877623,0.5059730466159738,spend/month (3m)
email_avg_3m,0.31030557790873353,0.3266919229799365,emails opened/month (3m)
tickets_avg_3m,0.19255213998585927,0.16643152294624014,support tickets/month (3m)
months_since_any_activity,0.15683099404918588,0.24968987366704942,months since any recorded activity
coupons_avg_3m,0.15064158891323598,0.1621892557080337,coupons redeemed/month (3m)
app_trend,0.10346763743234115,0.08328659848639386,app session trend
coupons_avg_6m,0.09687855088014435,0.12981921512871336,coupons redeemed/month (6m)
tickets_avg_6m,0.07787208965339149,0.07140413070860796,support tickets/month (6m)
txn_trend,0.07467152507017362,0.06318942104586153,transaction trend (3m vs prior 3m)
email_trend,0.06535207076597531,0.0531448227129052,email-open trend
email_avg_6m,0.06388812150605798,0.06830905066900325,emails opened/month (6m)
tickets_trend,0.06279688331407376,0.052843510044068294,support ticket trend
CITY,0.05482396656254883,0.04609499805214863,city
spend_trend,0.04939647122233469,0.04045263597276965,spend trend (3m vs prior 3m)
promo_pct_avg_6m,0.04397798751276984,0.04813099137014991,share of promo transactions (6m)
MARKETING_OPT_IN,0.041907061621144034,0.04205273509590864,marketing opt-in
cats_avg_3m,0.039051463854331586,0.04381455556943964,categories bought/month (3m)
app_avg_6m,0.03666528328017137,0.044657385896784134,app sessions/month (6m)
AGE,0.03555561572583861,0.03509953078785171,age
txn_avg_6m,0.03342868835514612,0.03761454957713297,transactions/month (6m)
spend_avg_6m,0.02405151193930592,0.027679581879309502,spend/month (6m)
tenure_months,0.02375906155448038,0.022059284403450452,tenure (months)
basket_avg_6m,0.023245422542996566,0.03143771068135042,average basket (6m)
HOME_STORE_PRICE_TIER,0.02257534040775382,0.02354048898215619,home store price tier
coupon_trend,0.02220032338412747,0.017585519170134227,coupon trend
gap_months_6m,0.01399323734384159,0.013902364329900795,missing months in records (6m)
PREFERRED_CATEGORY,0.006802308000286158,0.006494281382706676,preferred category
MEMBERSHIP_TIER,0.003925126871018177,0.00348615039835126,membership tier
active_share_6m,0.0030597676471783458,0.003081462721831549,share of months with a purchase (6m)
history_months,0.002292203454029021,0.0021256230104699145,months of history
GENDER,0.0018900740025623484,0.0016547177535979533,gender
complaint_6m,0.0005280913015887004,0.00043226703996647594,complaint in last 6 months
no_purchase_6m,0.0,0.0,no purchase in 6 months
