case,customer_id,churn_probability,actual_churned,feature,feature_name,value,contribution_logit
highest-risk active member,502373,0.998,1,tickets_avg_3m,support tickets/month (3m),1.33,2.752
highest-risk active member,502373,0.998,1,txn_trend,transaction trend (3m vs prior 3m),-6.33,2.329
highest-risk active member,502373,0.998,1,txn_avg_3m,transactions/month (3m),1.0,0.681
highest-risk active member,502373,0.998,1,app_trend,app session trend,-2.0,0.649
highest-risk active member,502373,0.998,1,MARKETING_OPT_IN,marketing opt-in,0.0,-0.513
active member closest to the decision threshold,500627,0.3808,0,txn_avg_3m,transactions/month (3m),1.0,0.681
active member closest to the decision threshold,500627,0.3808,0,txn_avg_6m,transactions/month (6m),0.83,0.65
active member closest to the decision threshold,500627,0.3808,0,email_avg_6m,emails opened/month (6m),0.17,0.629
active member closest to the decision threshold,500627,0.3808,0,app_avg_3m,app sessions/month (3m),0.33,0.528
active member closest to the decision threshold,500627,0.3808,0,MARKETING_OPT_IN,marketing opt-in,0.0,-0.513
lowest-risk active member,500026,0.0,0,email_avg_6m,emails opened/month (6m),6.0,-4.541
lowest-risk active member,500026,0.0,0,email_avg_3m,emails opened/month (3m),6.0,-2.786
lowest-risk active member,500026,0.0,0,history_months,months of history,1.0,-1.223
lowest-risk active member,500026,0.0,0,coupons_avg_3m,coupons redeemed/month (3m),1.0,-0.472
lowest-risk active member,500026,0.0,0,recency_months,months since last purchase,0.0,-0.425
lapsed member (no purchase in the last 3 months),500045,0.9999,1,recency_months,months since last purchase,6.0,2.224
lapsed member (no purchase in the last 3 months),500045,0.9999,1,months_since_any_activity,months since any recorded activity,6.0,1.833
lapsed member (no purchase in the last 3 months),500045,0.9999,1,txn_avg_3m,transactions/month (3m),0.0,0.959
lapsed member (no purchase in the last 3 months),500045,0.9999,1,txn_avg_6m,transactions/month (6m),0.0,0.845
lapsed member (no purchase in the last 3 months),500045,0.9999,1,email_avg_6m,emails opened/month (6m),0.0,0.776
