term,coef_per_sd_or_level,odds_ratio,feature
num__recency_months,0.8347016715043852,2.3041265591332167,recency_months
num__txn_avg_3m,-0.7205663035887842,0.4864766844465059,txn_avg_3m
num__txn_trend,-0.6822100255464354,0.5054985921719116,txn_trend
num__email_avg_6m,-0.6597135171949066,0.5169994247234604,email_avg_6m
num__months_since_any_activity,0.6019399964177,1.825657135404781,months_since_any_activity
num__txn_avg_6m,-0.5616497938341665,0.5702674635939766,txn_avg_6m
num__app_avg_3m,-0.5561264273748988,0.5734259745520746,app_avg_3m
num__tickets_avg_3m,0.5458183545477254,1.72602030113547,tickets_avg_3m
num__email_avg_3m,-0.45495625784917476,0.6344757206739104,email_avg_3m
num__app_avg_6m,-0.4354585739789898,0.6469679163904652,app_avg_6m
num__coupons_avg_3m,-0.4249732784274904,0.6537872551199769,coupons_avg_3m
cat__CITY_Boise,-0.4188805392656047,0.65778276978719,CITY_Boise
num__MARKETING_OPT_IN,0.41411096109994117,1.513025004489017,MARKETING_OPT_IN
num__app_trend,-0.399437499563041,0.6706972074212141,app_trend
cat__CITY_Portland,-0.38582173098110617,0.6798917185071492,CITY_Portland
cat__GENDER_Other,-0.3805880931769535,0.6834593532183973,GENDER_Other
cat__HOME_STORE_PRICE_TIER_Value,0.34519535302209453,1.4122657831101344,HOME_STORE_PRICE_TIER_Value
cat__HOME_STORE_PRICE_TIER_Upscale,-0.3331197391634169,0.716684373830418,HOME_STORE_PRICE_TIER_Upscale
num__history_months,0.3319191020201113,1.393640101283181,history_months
cat__GENDER_Unknown,0.31941304945862803,1.3763196956205257,GENDER_Unknown
cat__CITY_Columbus,0.31557890583162274,1.3710527917161042,CITY_Columbus
num__gap_months_6m,-0.28282796699900864,0.7536494292811108,gap_months_6m
num__spend_avg_6m,-0.2775914372190406,0.7576062880236892,spend_avg_6m
cat__PREFERRED_CATEGORY_Household,-0.2752519887647165,0.7593807436976819,PREFERRED_CATEGORY_Household
num__spend_avg_3m,-0.27336777825804975,0.7608129257160038,spend_avg_3m
cat__PREFERRED_CATEGORY_Beverages,-0.26465792847025915,0.7674684341804174,PREFERRED_CATEGORY_Beverages
cat__CITY_Tulsa,-0.26195646568310776,0.7695445245735473,CITY_Tulsa
cat__PREFERRED_CATEGORY_Dairy,-0.24376894755290568,0.783668681912973,PREFERRED_CATEGORY_Dairy
cat__PREFERRED_CATEGORY_Snacks,-0.2319767807237571,0.7929645351555206,PREFERRED_CATEGORY_Snacks
num__email_trend,-0.22764756455553298,0.7964048916922216,email_trend
num__no_purchase_6m,0.19880678547172195,1.2199462317912784,no_purchase_6m
num__missingindicator_basket_avg_6m,0.19880678547172195,1.2199462317912784,missingindicator_basket_avg_6m
num__missingindicator_promo_pct_avg_6m,0.19880678547172195,1.2199462317912784,missingindicator_promo_pct_avg_6m
num__cats_avg_3m,-0.19647969252034947,0.8216180161169826,cats_avg_3m
cat__PREFERRED_CATEGORY_Frozen Foods,-0.19476027039759838,0.823031939527596,PREFERRED_CATEGORY_Frozen Foods
cat__MEMBERSHIP_TIER_Silver,0.178274721220542,1.1951536101972924,MEMBERSHIP_TIER_Silver
cat__CITY_Nashville,-0.17124654551731985,0.842613805204,CITY_Nashville
num__coupons_avg_6m,-0.1619470703556223,0.85048621928205,coupons_avg_6m
cat__CITY_Madison,-0.1399862451074534,0.8693701934101586,CITY_Madison
num__promo_pct_avg_6m,0.1323146720292821,1.141467450639025,promo_pct_avg_6m
cat__CITY_Spokane,-0.1298755520843598,0.8782047148666112,CITY_Spokane
num__tickets_avg_6m,0.12935980610338157,1.138099545667924,tickets_avg_6m
cat__GENDER_M,-0.09241425641528897,0.9117273823871099,GENDER_M
cat__MEMBERSHIP_TIER_Platinum,0.08994072354571629,1.094109426855565,MEMBERSHIP_TIER_Platinum
num__active_share_6m,0.08424586123649297,1.087896332468556,active_share_6m
cat__HOME_STORE_PRICE_TIER_Unknown,-0.08279949915453395,0.9205356969038335,HOME_STORE_PRICE_TIER_Unknown
cat__PREFERRED_CATEGORY_Produce,0.06636752794241756,1.0686193924885454,PREFERRED_CATEGORY_Produce
num__coupon_trend,-0.06126972180056289,0.940569513457064,coupon_trend
num__basket_avg_6m,0.06000717932685203,1.0618441698443557,basket_avg_6m
num__tenure_months,-0.05952906585373666,0.9422081471090329,tenure_months
num__tickets_trend,0.032531501164948316,1.033066435427595,tickets_trend
cat__CITY_Denver,-0.02895373866706893,0.9714614045265677,CITY_Denver
num__spend_trend,-0.02871530251640396,0.9716930636612413,spend_trend
num__AGE,-0.022931867653927705,0.9773290692273108,AGE
cat__PREFERRED_CATEGORY_Personal Care,0.017744491741972863,1.0179028605735934,PREFERRED_CATEGORY_Personal Care
num__complaint_6m,0.014064707740633122,1.0141640810816572,complaint_6m
num__missingindicator_tickets_trend,0.013161875092537755,1.0132488738403855,missingindicator_tickets_trend
num__missingindicator_coupon_trend,0.013161875092537755,1.0132488738403855,missingindicator_coupon_trend
num__missingindicator_email_trend,0.013161875092537755,1.0132488738403855,missingindicator_email_trend
num__missingindicator_app_trend,0.013161875092537755,1.0132488738403855,missingindicator_app_trend
num__missingindicator_spend_trend,0.013161875092537755,1.0132488738403855,missingindicator_spend_trend
num__missingindicator_txn_trend,0.013161875092537755,1.0132488738403855,missingindicator_txn_trend
num__missingindicator_AGE,0.008081735917509198,1.0081144812989629,missingindicator_AGE
cat__CITY_Raleigh,-0.002076668408798376,0.997925486375193,CITY_Raleigh
