population,model,n_trees,val ROC-AUC,val PR-AUC,n,churn_rate,ROC-AUC,PR-AUC,Brier,threshold,precision,recall,F1,accuracy,TP,FP,FN,TN,PR-AUC CI low,PR-AUC CI high
all,rule_recency,,0.9533476222940154,0.9256489897226003,2368,0.3433277027027027,0.9710895694165944,0.9552776896680955,0.060758832266827434,0.34426229508196726,0.984375,0.8523985239852399,0.913645352669743,0.9446790540540541,693,11,120,1544,0.9444137408326411,0.9649342743704062
active,rule_recency,,0.8271552853422104,0.45877071523720536,1715,0.0956268221574344,0.8613384755704425,0.5140634896709394,0.06939778406851665,0.1639344262295082,0.49777777777777776,0.6829268292682927,0.5758354755784062,0.9037900874635568,112,113,52,1438,0.4373930748496878,0.5888586280844952
all,logreg,,0.9857117136435636,0.9775599486748036,2368,0.3433277027027027,0.9920464477956676,0.9887469031533074,0.025904086720955777,0.6507930600420488,0.9814814814814815,0.9126691266912669,0.945825366475462,0.9641047297297297,742,14,71,1541,0.9843915600882344,0.9922917832924306
active,logreg,,0.9473006919721978,0.8033837311668354,1715,0.0956268221574344,0.9621723199823875,0.828465290868564,0.03405593733484869,0.3835078541707785,0.7880794701986755,0.725609756097561,0.7555555555555555,0.9551020408163265,119,32,45,1519,0.7746302112933887,0.8733882663979876
all,logreg_balanced,,0.9856945183392978,0.9771420592166654,2368,0.3433277027027027,0.9917466570164094,0.9882263924036574,0.03245458257764735,0.8433607938576162,0.9801587301587301,0.9114391143911439,0.9445506692160612,0.9632601351351351,741,15,72,1540,0.9838598960766236,0.9918203319380694
active,logreg_balanced,,0.9475472744925794,0.7968267968467314,1715,0.0956268221574344,0.9610597411583399,0.8155907375659043,0.04292247814021203,0.6879909838232864,0.782312925170068,0.7012195121951219,0.7395498392282958,0.9527696793002915,115,32,49,1519,0.7555614632663492,0.865296442945617
all,random_forest,,0.9809486143619226,0.9713269289344436,2368,0.3433277027027027,0.9906186843218914,0.9873201373114016,0.028312056047428424,0.2865531481355283,0.9233532934131736,0.948339483394834,0.9356796116504855,0.9552364864864865,771,64,42,1491,0.982677157115551,0.9912429270967963
active,random_forest,,0.9294542820595805,0.7338009538182706,1715,0.0956268221574344,0.9547852683555849,0.8165641006545952,0.03767095895771676,0.256802543885788,0.6580310880829016,0.774390243902439,0.711484593837535,0.9399416909620991,127,66,37,1485,0.7636950788270261,0.8628831074552143
all,lightgbm,194.0,0.9819601028481492,0.9734918583848262,2368,0.3433277027027027,0.991639080377942,0.9883694123597804,0.02586121780191063,0.6390736322591613,0.9828722002635046,0.9175891758917589,0.9491094147582697,0.9662162162162162,746,13,67,1542,0.9838607516101938,0.9918879580710546
active,lightgbm,194.0,0.933179989828471,0.776163729421688,1715,0.0956268221574344,0.9599510937082292,0.8226445141409686,0.0342615943093448,0.27127087931418625,0.7191011235955056,0.7804878048780488,0.7485380116959065,0.9498542274052478,128,50,36,1501,0.7692315965814692,0.8715684429060166
all,lightgbm_balanced,325.0,0.9827126502819018,0.9739111450212575,2368,0.3433277027027027,0.9915220116831394,0.9883862164015844,0.028127743725570212,0.7202917275324803,0.9729381443298969,0.9286592865928659,0.9502831969792322,0.9666385135135135,755,21,58,1534,0.9839948974050763,0.9921165931736057
active,lightgbm_balanced,325.0,0.9359656017384068,0.7750230252156238,1715,0.0956268221574344,0.9595854759321287,0.8267949826185852,0.03710003421658186,0.6887811697698972,0.8449612403100775,0.6646341463414634,0.7440273037542662,0.956268221574344,109,20,55,1531,0.7736641396948145,0.8734066379135543
