scenario,gap_share_closed,who,change_per_member,members_targeted,members_eligible_for_action,mean_risk_before_eligible,mean_risk_after_eligible,change_pp_eligible,expected_churners_before_target,expected_churners_after_target,expected_churners_avoided_model_based,moved_below_threshold
A. proactive support outreach,0.25,members with at least one support ticket in the last 3 months,support tickets -0.06/month,331,157,0.5041807120036781,0.4872424594613816,-1.6938252542296472,131.2187227307514,128.55941708161086,2.659305649140549,3
A. proactive support outreach,0.5,members with at least one support ticket in the last 3 months,support tickets -0.11/month,331,157,0.5041807120036781,0.47061473087679223,-3.3565981126885855,131.2187227307514,125.94886369383033,5.269859036921076,5
A. proactive support outreach,1.0,members with at least one support ticket in the last 3 months,support tickets -0.22/month,331,157,0.5041807120036781,0.4415437286795619,-6.2636983324116215,131.2187227307514,121.38471634886518,9.834006381886226,7
B. targeted coupon,0.25,members redeeming fewer coupons than the retained-member average,coupons redeemed +0.09/month,331,247,0.47255054125155443,0.4589754128749181,-1.3575128376636325,131.2187227307514,127.86566602172222,3.3530567090291896,5
B. targeted coupon,0.5,members redeeming fewer coupons than the retained-member average,coupons redeemed +0.18/month,331,247,0.47255054125155443,0.4459964954858799,-2.655404576567455,131.2187227307514,124.65987342662979,6.5588493041216225,5
B. targeted coupon,1.0,members redeeming fewer coupons than the retained-member average,coupons redeemed +0.36/month,331,247,0.47255054125155443,0.4259673098081259,-4.658323144342852,131.2187227307514,119.71266456422453,11.506058166526884,9
C. engagement outreach (app + email),0.25,members below the retained-member average for app sessions or emails opened,app sessions +0.39/month; emails opened +0.16/month,331,331,0.3964311864977384,0.3414665826091286,-5.49646038886098,131.2187227307514,113.02543884362157,18.193283887129837,13
C. engagement outreach (app + email),0.5,members below the retained-member average for app sessions or emails opened,app sessions +0.79/month; emails opened +0.32/month,331,331,0.3964311864977384,0.2942364635466281,-10.219472295111032,131.2187227307514,97.39226943393389,33.82645329681752,32
C. engagement outreach (app + email),1.0,members below the retained-member average for app sessions or emails opened,app sessions +1.58/month; emails opened +0.65/month,331,331,0.3964311864977384,0.2203902793403649,-17.60409071573735,131.2187227307514,72.94918246166078,58.269540269090626,46
