dimension,segment,members,actual_rate,mean_predicted,share_high_risk
membership_tier,Gold,554,0.09747292418772563,0.09589657039711191,0.09386281588447654
membership_tier,Platinum,202,0.09405940594059406,0.0769490099009901,0.054455445544554455
membership_tier,Silver,959,0.0948905109489051,0.09883680917622523,0.09176225234619395
city,Austin,159,0.11320754716981132,0.1231,0.1320754716981132
city,Boise,166,0.1144578313253012,0.10211987951807228,0.10240963855421686
city,Columbus,164,0.10975609756097561,0.13083963414634145,0.11585365853658537
city,Denver,173,0.08670520231213873,0.09014277456647399,0.08092485549132948
city,Madison,175,0.10285714285714286,0.09615828571428571,0.08571428571428572
city,Nashville,151,0.0728476821192053,0.06752185430463577,0.059602649006622516
city,Portland,165,0.09696969696969697,0.09506424242424241,0.08484848484848485
city,Raleigh,190,0.07368421052631578,0.0871921052631579,0.08421052631578947
city,Spokane,173,0.09826589595375723,0.08250346820809248,0.06936416184971098
city,Tulsa,199,0.09045226130653267,0.08205527638190956,0.07035175879396985
signup_cohort,2021,472,0.07627118644067797,0.08800042372881356,0.0847457627118644
signup_cohort,2022,505,0.11089108910891089,0.10069861386138615,0.09504950495049505
signup_cohort,2023,614,0.11074918566775244,0.10333175895765473,0.09120521172638436
signup_cohort,2024,124,0.03225806451612903,0.06145322580645161,0.056451612903225805
