train_snapshots,test_snapshot,model,active_members,active_churn_rate,ROC-AUC active,PR-AUC active,ROC-AUC all,PR-AUC all
2023-06-30,2023-09-30,rule_recency,1655,0.10030211480362537,0.8385813232783383,0.532409568917547,0.9432124933203321,0.8995786156864998
2023-06-30,2023-09-30,logreg,1655,0.10030211480362537,0.9598015972553747,0.8409678939944862,0.9856063485767487,0.9718667044458363
2023-06-30,2023-09-30,random_forest,1655,0.10030211480362537,0.9454351994950925,0.7432579183608506,0.9806606398157789,0.9598469124614444
2023-06-30,2023-09-30,lightgbm,1655,0.10030211480362537,0.9545745102640246,0.8118738679852759,0.9839261022140688,0.968523875428265
2023-06-30 + 2023-09-30,2023-12-31,rule_recency,1681,0.1023200475907198,0.8271552853422104,0.45877071523720536,0.9533476222940154,0.9256489897226003
2023-06-30 + 2023-09-30,2023-12-31,logreg,1681,0.1023200475907198,0.9473006919721978,0.8033837311668354,0.9857117136435636,0.9775599486748036
2023-06-30 + 2023-09-30,2023-12-31,random_forest,1681,0.1023200475907198,0.9294542820595805,0.7338009538182706,0.9809486143619226,0.9713269289344436
2023-06-30 + 2023-09-30,2023-12-31,lightgbm,1681,0.1023200475907198,0.9328717616779941,0.7755566168562836,0.9818721033498475,0.973378352780026
2023-06-30 + 2023-09-30 + 2023-12-31,2024-03-31,rule_recency,1715,0.0956268221574344,0.8613384755704425,0.5140634896709394,0.9710895694165944,0.9552776896680955
2023-06-30 + 2023-09-30 + 2023-12-31,2024-03-31,logreg,1715,0.0956268221574344,0.9621723199823875,0.828465290868564,0.9920464477956676,0.9887469031533074
2023-06-30 + 2023-09-30 + 2023-12-31,2024-03-31,random_forest,1715,0.0956268221574344,0.9547852683555849,0.8165641006545952,0.9906186843218914,0.9873201373114016
2023-06-30 + 2023-09-30 + 2023-12-31,2024-03-31,lightgbm,1715,0.0956268221574344,0.9600847604220722,0.8232635568490541,0.9916659745375589,0.9884135736983442
