table,column,dtype,rows,missing_pct,n_unique,min,max,examples
fb Customer Profile,CUSTOMER_ID,int64,2608,0.0,2600,500001,502600,"500001, 500002, 500003"
fb Customer Profile,SIGNUP_DATE,datetime64[ns],2608,0.0,1027,2021-02-18,2024-05-02,"2022-08-17 00:00:00, 2023-06-24 00:00:00, 2021-03-31 00:00:00"
fb Customer Profile,AGE,float64,2608,2.99,57,18.0,74.0,"36.0, 37.0, 53.0"
fb Customer Profile,GENDER,object,2608,1.99,3,,,"F, M, Other"
fb Customer Profile,CITY,object,2608,0.0,40,,,"Madison, Spokane, Tulsa"
fb Customer Profile,MEMBERSHIP_TIER,object,2608,0.0,12,,,"Silver, Gold, Platinum"
fb Customer Profile,MARKETING_OPT_IN,int64,2608,0.0,2,0,1,"1, 0"
fb Customer Profile,PREFERRED_STORE_ID,int64,2608,0.0,40,101,140,"140, 119, 106"
fb Customer Profile,PREFERRED_CATEGORY,object,2608,0.0,8,,,"Frozen Foods, Beverages, Snacks"
fb Customer Profile,HOME_STORE_PRICE_TIER,object,2608,4.98,3,,,"Value, Mainstream, Upscale"
fb Monthly Activity,CUSTOMER_ID,int64,28073,0.0,2594,500001,502600,"501855, 501803, 501889"
fb Monthly Activity,MONTH,datetime64[ns],28073,0.0,18,2023-01-01,2024-06-01,"2023-03-01 00:00:00, 2024-04-01 00:00:00, 2024-05-01 00:00:00"
fb Monthly Activity,TRANSACTIONS,int64,28073,0.0,20,0,19,"5, 12, 4"
fb Monthly Activity,TOTAL_SPEND,float64,28073,0.0,17164,-249.21,3731.416790107143,"150.01, 325.77, 165.54"
fb Monthly Activity,AVG_BASKET_VALUE,float64,28073,0.0,4085,0.0,68.1,"30.0, 27.15, 41.38"
fb Monthly Activity,DISTINCT_CATEGORIES,int64,28073,0.0,9,0,8,"4, 3, 2"
fb Monthly Activity,PROMO_TXN_PCT,float64,28073,0.0,92,0.0,0.91,"0.04, 0.12, 0.6"
fb Monthly Activity,APP_SESSIONS,int64,28073,0.0,14,0,13,"3, 1, 4"
fb Monthly Activity,EMAILS_OPENED,int64,28073,0.0,9,0,9,"0, 2, 1"
fb Monthly Activity,COUPONS_REDEEMED,int64,28073,0.0,8,0,8,"1, 0, 2"
fb Monthly Activity,SUPPORT_TICKETS,int64,28073,0.0,5,0,4,"0, 1, 2"
fb Monthly Activity,COMPLAINT_FLAG,int64,28073,0.0,2,0,1,"0, 1"
fb Churn Label,CUSTOMER_ID,int64,2605,0.0,2600,500001,502600,"500001, 500002, 500003"
fb Churn Label,OBSERVATION_END_DATE,datetime64[ns],2605,0.0,1,2024-06-30,2024-06-30,2024-06-30 00:00:00
fb Churn Label,LAST_PURCHASE_DATE,datetime64[ns],2605,4.61,18,2023-01-01,2024-06-01,"2024-06-01 00:00:00, 2024-05-01 00:00:00, 2024-02-01 00:00:00"
fb Churn Label,MONTHS_OBSERVED,int64,2605,0.0,18,1,18,"18, 12, 1"
fb Churn Label,INSUFFICIENT_HISTORY_FLAG,int64,2605,0.0,2,0,1,"0, 1"
fb Churn Label,CHURNED,int64,2605,0.0,2,0,1,"0, 1"
